NPS,Class,File,Disc OD,Plate,Bolts,Bolt dia,Bolt circle,Stem,Crossbar,Bar depth,Bolt gap per side,Crossbar starts,Overall length,Approx lb
1/2,150,NPS0.5_CL150_skillet.dxf,1-3/4,1/8,4,1/2,2-3/8,5/8,2-1/2,3/4,0.277,3.750,5.375,0
3/4,150,NPS0.75_CL150_skillet.dxf,2-1/8,1/8,4,1/2,2-3/4,5/8,2-1/2,3/4,0.410,3.940,5.753,0
1,150,NPS1_CL150_skillet.dxf,2-1/2,1/8,4,1/2,3-1/8,3/4,2-1/2,3/4,0.480,4.125,6.125,0
1-1/4,150,NPS1.25_CL150_skillet.dxf,2-7/8,1/4,4,1/2,3-1/2,3/4,2-1/2,3/4,0.612,4.310,6.497,1
1-1/2,150,NPS1.5_CL150_skillet.dxf,3-1/4,1/4,4,1/2,3-7/8,7/8,2-1/2,3/4,0.683,4.500,6.875,1
2,150,NPS2_CL150_skillet.dxf,4,1/4,4,5/8,4-3/4,1-1/8,3,7/8,0.804,5.000,7.875,1
2-1/2,150,NPS2.5_CL150_skillet.dxf,4-3/4,1/4,4,5/8,5-1/2,1-3/8,3-3/4,1,0.945,5.500,8.875,2
3,150,NPS3_CL150_skillet.dxf,5-1/4,1/4,4,5/8,6,1-1/2,4,1-1/8,1.059,5.750,9.500,2
3-1/2,150,NPS3.5_CL150_skillet.dxf,6-1/4,3/8,8,5/8,7,1-5/8,4-1/2,1-1/4,0.214,6.250,10.625,4
4,150,NPS4_CL150_skillet.dxf,6-3/4,3/8,8,5/8,7-1/2,1-3/4,4-3/4,1-1/4,0.248,6.500,11.125,5
5,150,NPS5_CL150_skillet.dxf,7-5/8,3/8,8,3/4,8-1/2,2-1/8,5-3/4,1-5/8,0.189,7.000,12.438,7
6,150,NPS6_CL150_skillet.dxf,8-5/8,1/2,8,3/4,9-1/2,2-1/2,7,1-7/8,0.193,7.500,13.688,11
8,150,NPS8_CL150_skillet.dxf,10-7/8,1/2,8,3/4,11-3/4,3,8-1/4,2,0.373,8.750,16.188,17
10,150,NPS10_CL150_skillet.dxf,13-1/4,5/8,12,7/8,14-1/4,2-3/8,6-1/2,1-3/4,0.219,10.000,18.375,28
12,150,NPS12_CL150_skillet.dxf,16,3/4,12,7/8,17,3,8-1/4,2,0.262,11.500,21.500,49
14,150,NPS14_CL150_skillet.dxf,17-5/8,3/4,12,1,18-3/4,3,8-1/4,2,0.426,12.500,23.312,58
16,150,NPS16_CL150_skillet.dxf,20-1/8,7/8,16,1,21-1/4,2-3/4,7-1/2,2,0.198,13.750,25.812,85
18,150,NPS18_CL150_skillet.dxf,21-1/2,1,16,1-1/8,22-3/4,2-7/8,8,2,0.219,14.500,27.250,111
20,150,NPS20_CL150_skillet.dxf,23-3/4,1-1/8,20,1-1/8,25,2-3/8,6-1/2,1-3/4,0.205,15.750,29.375,148
24,150,NPS24_CL150_skillet.dxf,28-1/8,1-1/4,20,1-1/4,29-1/2,2-7/8,8,2,0.245,18.000,34.062,230
1/2,300,NPS0.5_CL300_skillet.dxf,2,1/4,4,1/2,2-5/8,5/8,2-1/2,3/4,0.366,3.875,5.625,0
3/4,300,NPS0.75_CL300_skillet.dxf,2-1/2,1/4,4,5/8,3-1/4,3/4,2-1/2,3/4,0.462,4.310,6.310,1
1,300,NPS1_CL300_skillet.dxf,2-3/4,1/4,4,5/8,3-1/2,3/4,2-1/2,3/4,0.550,4.440,6.565,1
1-1/4,300,NPS1.25_CL300_skillet.dxf,3-1/8,1/4,4,5/8,3-7/8,7/8,2-1/2,3/4,0.620,4.625,6.938,1
1-1/2,300,NPS1.5_CL300_skillet.dxf,3-5/8,1/4,4,3/4,4-1/2,1,2-3/4,3/4,0.716,5.060,7.622,1
2,300,NPS2_CL300_skillet.dxf,4-1/4,3/8,8,5/8,5,7/8,2-1/2,3/4,0.207,5.250,8.125,2
2-1/2,300,NPS2.5_CL300_skillet.dxf,5,3/8,8,3/4,5-7/8,1,2-3/4,3/4,0.249,5.750,9.000,3
3,300,NPS3_CL300_skillet.dxf,5-3/4,3/8,8,3/4,6-5/8,1-3/8,3-3/4,1,0.205,6.125,10.000,4
3-1/2,300,NPS3.5_CL300_skillet.dxf,6-3/8,1/2,8,3/4,7-1/4,1-5/8,4-1/2,1-1/4,0.200,6.500,10.938,6
4,300,NPS4_CL300_skillet.dxf,7,1/2,8,3/4,7-7/8,1-7/8,5-1/4,1-3/8,0.194,7.000,11.875,7
5,300,NPS5_CL300_skillet.dxf,8-3/8,5/8,8,3/4,9-1/4,2-3/8,6-1/2,1-3/4,0.207,7.500,13.438,13
6,300,NPS6_CL300_skillet.dxf,9-3/4,5/8,12,3/4,10-5/8,1-1/2,4,1-1/8,0.250,8.250,14.250,15
8,300,NPS8_CL300_skillet.dxf,12,7/8,12,7/8,13,2,5-1/2,1-1/2,0.245,9.500,17.000,32
10,300,NPS10_CL300_skillet.dxf,14-1/8,1,16,1,15-1/4,1-1/2,4,1-1/8,0.238,10.750,18.938,47
12,300,NPS12_CL300_skillet.dxf,16-1/2,1-1/8,16,1-1/8,17-3/4,1-7/8,5-1/4,1-3/8,0.231,12.250,21.875,73
14,300,NPS14_CL300_skillet.dxf,19,1-1/4,20,1-1/8,20-1/4,1-5/8,4-1/2,1-1/4,0.209,13.500,24.250,105
16,300,NPS16_CL300_skillet.dxf,21-1/8,1-1/2,20,1-1/4,22-1/2,1-7/8,5-1/4,1-3/8,0.197,14.750,26.688,156
18,300,NPS18_CL300_skillet.dxf,23-3/8,1-5/8,24,1-1/4,24-3/4,1-1/2,4,1-1/8,0.240,16.000,28.812,203
20,300,NPS20_CL300_skillet.dxf,25-5/8,1-3/4,24,1-1/4,27,1-7/8,5-1/4,1-3/8,0.200,17.250,31.438,264
24,300,NPS24_CL300_skillet.dxf,30-3/8,2,24,1-1/2,32,2-1/4,6-1/4,1-3/4,0.213,20.000,36.938,423
1/2,600,NPS0.5_CL600_skillet.dxf,2,1/4,4,1/2,2-5/8,5/8,2-1/2,3/4,0.366,3.875,5.625,0
3/4,600,NPS0.75_CL600_skillet.dxf,2-1/2,1/4,4,5/8,3-1/4,3/4,2-1/2,3/4,0.462,4.310,6.310,1
1,600,NPS1_CL600_skillet.dxf,2-3/4,1/4,4,5/8,3-1/2,3/4,2-1/2,3/4,0.550,4.440,6.565,1
1-1/4,600,NPS1.25_CL600_skillet.dxf,3-1/8,3/8,4,5/8,3-7/8,7/8,2-1/2,3/4,0.620,4.625,6.938,1
1-1/2,600,NPS1.5_CL600_skillet.dxf,3-5/8,3/8,4,3/4,4-1/2,1,2-3/4,3/4,0.716,5.060,7.622,2
2,600,NPS2_CL600_skillet.dxf,4-1/4,3/8,8,5/8,5,7/8,2-1/2,3/4,0.207,5.250,8.125,2
2-1/2,600,NPS2.5_CL600_skillet.dxf,5,1/2,8,3/4,5-7/8,1,2-3/4,3/4,0.249,5.750,9.000,4
3,600,NPS3_CL600_skillet.dxf,5-3/4,1/2,8,3/4,6-5/8,1-3/8,3-3/4,1,0.205,6.125,10.000,5
3-1/2,600,NPS3.5_CL600_skillet.dxf,6-1/4,5/8,8,7/8,7-1/4,1-1/2,4,1-1/8,0.200,6.500,10.750,7
4,600,NPS4_CL600_skillet.dxf,7-1/2,5/8,8,7/8,8-1/2,2,5-1/2,1-1/2,0.189,7.375,12.625,11
5,600,NPS5_CL600_skillet.dxf,9-3/8,3/4,8,1,10-1/2,2-5/8,7-1/4,2,0.197,8.500,15.188,20
6,600,NPS6_CL600_skillet.dxf,10-3/8,7/8,12,1,11-1/2,1-1/2,4,1-1/8,0.238,9.000,15.312,24
8,600,NPS8_CL600_skillet.dxf,12-1/2,1-1/8,12,1-1/8,13-3/4,2,5-1/2,1-1/2,0.217,10.250,18.000,44
10,600,NPS10_CL600_skillet.dxf,15-5/8,1-3/8,16,1-1/4,17,1-5/8,4-1/2,1-1/4,0.221,12.000,21.062,80
12,600,NPS12_CL600_skillet.dxf,17-7/8,1-5/8,20,1-1/4,19-1/4,1-3/8,3-3/4,1,0.193,13.000,22.938,120
14,600,NPS14_CL600_skillet.dxf,19-1/4,1-3/4,20,1-3/8,20-3/4,1-3/8,3-3/4,1,0.248,13.875,24.500,149
16,600,NPS16_CL600_skillet.dxf,22-1/8,2,20,1-1/2,23-3/4,1-3/4,4-3/4,1-1/4,0.233,15.500,27.812,226
18,600,NPS18_CL600_skillet.dxf,24,2-1/8,20,1-5/8,25-3/4,2,5-1/2,1-1/2,0.202,16.625,30.125,283
20,600,NPS20_CL600_skillet.dxf,26-3/4,2-1/2,24,1-5/8,28-1/2,1-5/8,4-1/2,1-1/4,0.235,18.000,32.625,408
24,600,NPS24_CL600_skillet.dxf,31,2-7/8,24,1-7/8,33,2,5-1/2,1-1/2,0.216,20.500,37.500,630
1/2,900,NPS0.5_CL900_skillet.dxf,2-3/8,1/4,4,3/4,3-1/4,5/8,2-1/2,3/4,0.462,4.375,6.312,1
3/4,900,NPS0.75_CL900_skillet.dxf,2-5/8,1/4,4,3/4,3-1/2,3/4,2-1/2,3/4,0.487,4.560,6.622,1
1,900,NPS1_CL900_skillet.dxf,3,1/4,4,7/8,4,7/8,2-1/2,3/4,0.539,4.940,7.190,1
1-1/4,900,NPS1.25_CL900_skillet.dxf,3-3/8,3/8,4,7/8,4-3/8,1,2-3/4,3/4,0.609,5.125,7.562,2
1-1/2,900,NPS1.5_CL900_skillet.dxf,3-3/4,3/8,4,1,4-7/8,1-1/8,3,7/8,0.661,5.500,8.250,2
2,900,NPS2_CL900_skillet.dxf,5-1/2,1/2,8,7/8,6-1/2,1-1/8,3,7/8,0.244,6.250,9.875,4
2-1/2,900,NPS2.5_CL900_skillet.dxf,6-3/8,1/2,8,1,7-1/2,1-3/8,3-3/4,1,0.248,6.810,10.997,6
3,900,NPS3_CL900_skillet.dxf,6-1/2,5/8,8,7/8,7-1/2,1-1/2,4,1-1/8,0.248,6.750,11.125,8
4,900,NPS4_CL900_skillet.dxf,8,3/4,8,1-1/8,9-1/4,2,5-1/2,1-1/2,0.207,7.750,13.250,14
5,900,NPS5_CL900_skillet.dxf,9-5/8,7/8,8,1-1/4,11,2-1/2,7,1-7/8,0.230,8.875,15.562,24
6,900,NPS6_CL900_skillet.dxf,11-1/4,1,12,1-1/8,12-1/2,1-5/8,4-1/2,1-1/4,0.243,9.500,16.375,32
8,900,NPS8_CL900_skillet.dxf,14,1-3/8,12,1-3/8,15-1/2,2-1/4,6-1/4,1-3/4,0.193,11.250,20.000,68
10,900,NPS10_CL900_skillet.dxf,17,1-5/8,16,1-3/8,18-1/2,1-3/4,4-3/4,1-1/4,0.242,12.750,22.500,111
12,900,NPS12_CL900_skillet.dxf,19-1/2,1-7/8,20,1-3/8,21,1-1/2,4,1-1/8,0.205,14.000,24.875,165
14,900,NPS14_CL900_skillet.dxf,20-3/8,2-1/8,20,1-1/2,22,1-1/2,4,1-1/8,0.221,14.625,25.938,203
16,900,NPS16_CL900_skillet.dxf,22-1/2,2-3/8,20,1-5/8,24-1/4,1-3/4,4-3/4,1-1/4,0.209,15.875,28.375,277
18,900,NPS18_CL900_skillet.dxf,25,2-5/8,20,1-7/8,27,1-7/8,5-1/4,1-3/8,0.237,17.500,31.375,378
20,900,NPS20_CL900_skillet.dxf,27-3/8,2-7/8,20,2,29-1/2,2-1/8,5-3/4,1-5/8,0.245,18.875,34.188,496
24,900,NPS24_CL900_skillet.dxf,32-7/8,3-1/2,20,2-1/2,35-1/2,2-5/8,7-1/4,2,0.214,22.500,40.938,873
